Code Domaine,Domaine,Code zone (M49),Zone,Code Élément,Élément,Code Produit,Produit,Code année,Année,Unité,Valeur,Symbole,Description du Symbole,Note
"MK","Indicateurs macro","004","Afghanistan","6110","Valeur US $","22008","Produit Intérieur Brut","2017","2017","millions","18896.352021","X","Ciffre de sources internationales",""
"MK","Indicateurs macro","710","Afrique du Sud","6110","Valeur US $","22008","Produit Intérieur Brut","2017","2017","millions","349006.689642","X","Ciffre de sources internationales",""
"MK","Indicateurs macro","008","Albanie","6110","Valeur US $","22008","Produit Intérieur Brut","2017","2017","millions","13019.729856","X","Ciffre de sources internationales",""
"MK","Indicateurs macro","012","Algérie","6110","Valeur US $","22008","Produit Intérieur Brut","2017","2017","millions","170096.984537","X","Ciffre de sources internationales",""
"MK","Indicateurs macro","276","Allemagne","6110","Valeur US $","22008","Produit Intérieur Brut","2017","2017","millions","3690849.152518","X","Ciffre de sources internationales",""
"MK","Indicateurs macro","020","Andorre","6110","Valeur US $","22008","Produit Intérieur Brut","2017","2017","millions","3000.160225","X","Ciffre de sources internationales",""
"MK","Indicateurs macro","024","Angola","6110","Valeur US $","22008","Produit Intérieur Brut","2017","2017","millions","122123.858628","X","Ciffre de sources internationales",""
"MK","Indicateurs macro","660","Anguilla","6110","Valeur US $","22008","Produit Intérieur Brut","2017","2017","millions","281.055556","X","Ciffre de sources internationales",""
"MK","Indicateurs macro","028","Antigua-et-Barbuda","6110","Valeur US $","22008","Produit Intérieur Brut","2017","2017","millions","1467.977778","X","Ciffre de sources internationales",""
"MK","Indicateurs macro","682","Arabie saoudite","6110","Valeur US $","22008","Produit Intérieur Brut","2017","2017","millions","688586.094413","X","Ciffre de sources internationales",""
"MK","Indicateurs macro","032","Argentine","6110","Valeur US $","22008","Produit Intérieur Brut","2017","2017","millions","643628.396191","X","Ciffre de sources internationales",""
"MK","Indicateurs macro","051","Arménie","6110","Valeur US $","22008","Produit Intérieur Brut","2017","2017","millions","11527.458713","X","Ciffre de sources internationales",""
"MK","Indicateurs macro","533","Aruba","6110","Valeur US $","22008","Produit Intérieur Brut","2017","2017","millions","3092.430168","X","Ciffre de sources internationales",""
"MK","Indicateurs macro","036","Australie","6110","Valeur US $","22008","Produit Intérieur Brut","2017","2017","millions","1416783.718751","X","Ciffre de sources internationales",""
"MK","Indicateurs macro","040","Autriche","6110","Valeur US $","22008","Produit Intérieur Brut","2017","2017","millions","417261.151845","X","Ciffre de sources internationales",""
"MK","Indicateurs macro","031","Azerbaïdjan","6110","Valeur US $","22008","Produit Intérieur Brut","2017","2017","millions","40866.632048","X","Ciffre de sources internationales",""
"MK","Indicateurs macro","044","Bahamas","6110","Valeur US $","22008","Produit Intérieur Brut","2017","2017","millions","12359.749424","X","Ciffre de sources internationales",""
"MK","Indicateurs macro","048","Bahreïn","6110","Valeur US $","22008","Produit Intérieur Brut","2017","2017","millions","35473.785362","X","Ciffre de sources internationales",""
"MK","Indicateurs macro","050","Bangladesh","6110","Valeur US $","22008","Produit Intérieur Brut","2017","2017","millions","245633.488923","X","Ciffre de sources internationales",""
"MK","Indicateurs macro","052","Barbade","6110","Valeur US $","22008","Produit Intérieur Brut","2017","2017","millions","4985.965","X","Ciffre de sources internationales",""
"MK","Indicateurs macro","112","Bélarus","6110","Valeur US $","22008","Produit Intérieur Brut","2017","2017","millions","54725.418814","X","Ciffre de sources internationales",""
"MK","Indicateurs macro","056","Belgique","6110","Valeur US $","22008","Produit Intérieur Brut","2017","2017","millions","502764.720556","X","Ciffre de sources internationales",""
"MK","Indicateurs macro","084","Belize","6110","Valeur US $","22008","Produit Intérieur Brut","2017","2017","millions","1844.906692","X","Ciffre de sources internationales",""
"MK","Indicateurs macro","204","Bénin","6110","Valeur US $","22008","Produit Intérieur Brut","2017","2017","millions","12701.655846","X","Ciffre de sources internationales",""
"MK","Indicateurs macro","060","Bermudes","6110","Valeur US $","22008","Produit Intérieur Brut","2017","2017","millions","7142.316","X","Ciffre de sources internationales",""
"MK","Indicateurs macro","064","Bhoutan","6110","Valeur US $","22008","Produit Intérieur Brut","2017","2017","millions","2450.366316","X","Ciffre de sources internationales",""
"MK","Indicateurs macro","068","Bolivie (État plurinational de)","6110","Valeur US $","22008","Produit Intérieur Brut","2017","2017","millions","37508.683068","X","Ciffre de sources internationales",""
"MK","Indicateurs macro","070","Bosnie-Herzégovine","6110","Valeur US $","22008","Produit Intérieur Brut","2017","2017","millions","18080.610875","X","Ciffre de sources internationales",""
"MK","Indicateurs macro","072","Botswana","6110","Valeur US $","22008","Produit Intérieur Brut","2017","2017","millions","17405.496707","X","Ciffre de sources internationales",""
"MK","Indicateurs macro","076","Brésil","6110","Valeur US $","22008","Produit Intérieur Brut","2017","2017","millions","2063514.688762","X","Ciffre de sources internationales",""
"MK","Indicateurs macro","096","Brunéi Darussalam","6110","Valeur US $","22008","Produit Intérieur Brut","2017","2017","millions","12128.166606","X","Ciffre de sources internationales",""
"MK","Indicateurs macro","100","Bulgarie","6110","Valeur US $","22008","Produit Intérieur Brut","2017","2017","millions","59200.845118","X","Ciffre de sources internationales",""
"MK","Indicateurs macro","854","Burkina Faso","6110","Valeur US $","22008","Produit Intérieur Brut","2017","2017","millions","14106.955625","X","Ciffre de sources internationales",""
"MK","Indicateurs macro","108","Burundi","6110","Valeur US $","22008","Produit Intérieur Brut","2017","2017","millions","3297.826848","X","Ciffre de sources internationales",""
"MK","Indicateurs macro","132","Cabo Verde","6110","Valeur US $","22008","Produit Intérieur Brut","2017","2017","millions","1769.786532","X","Ciffre de sources internationales",""
"MK","Indicateurs macro","116","Cambodge","6110","Valeur US $","22008","Produit Intérieur Brut","2017","2017","millions","22177.200626","X","Ciffre de sources internationales",""
"MK","Indicateurs macro","120","Cameroun","6110","Valeur US $","22008","Produit Intérieur Brut","2017","2017","millions","35009.259798","X","Ciffre de sources internationales",""
"MK","Indicateurs macro","124","Canada","6110","Valeur US $","22008","Produit Intérieur Brut","2017","2017","millions","1649518.967468","X","Ciffre de sources internationales",""
"MK","Indicateurs macro","152","Chili","6110","Valeur US $","22008","Produit Intérieur Brut","2017","2017","millions","277034.678676","X","Ciffre de sources internationales",""
"MK","Indicateurs macro","159","Chine","6110","Valeur US $","22008","Produit Intérieur Brut","2017","2017","millions","12702190.669259","E","Valeur estimée",""
"MK","Indicateurs macro","344","Chine - RAS de Hong-Kong","6110","Valeur US $","22008","Produit Intérieur Brut","2017","2017","millions","341241.97222","X","Ciffre de sources internationales",""
"MK","Indicateurs macro","446","Chine - RAS de Macao","6110","Valeur US $","22008","Produit Intérieur Brut","2017","2017","millions","50456.759225","X","Ciffre de sources internationales",""
"MK","Indicateurs macro","156","Chine, continentale","6110","Valeur US $","22008","Produit Intérieur Brut","2017","2017","millions","12310491.937814","X","Ciffre de sources internationales",""
"MK","Indicateurs macro","196","Chypre","6110","Valeur US $","22008","Produit Intérieur Brut","2017","2017","millions","22870.734322","X","Ciffre de sources internationales",""
"MK","Indicateurs macro","170","Colombie","6110","Valeur US $","22008","Produit Intérieur Brut","2017","2017","millions","311883.730442","X","Ciffre de sources internationales",""
"MK","Indicateurs macro","174","Comores","6110","Valeur US $","22008","Produit Intérieur Brut","2017","2017","millions","1077.439756","X","Ciffre de sources internationales",""
"MK","Indicateurs macro","178","Congo","6110","Valeur US $","22008","Produit Intérieur Brut","2017","2017","millions","11011.6519","X","Ciffre de sources internationales",""
"MK","Indicateurs macro","188","Costa Rica","6110","Valeur US $","22008","Produit Intérieur Brut","2017","2017","millions","60516.044623","X","Ciffre de sources internationales",""
"MK","Indicateurs macro","384","Côte d'Ivoire","6110","Valeur US $","22008","Produit Intérieur Brut","2017","2017","millions","51588.154312","X","Ciffre de sources internationales",""
"MK","Indicateurs macro","191","Croatie","6110","Valeur US $","22008","Produit Intérieur Brut","2017","2017","millions","56214.432403","X","Ciffre de sources internationales",""
"MK","Indicateurs macro","192","Cuba","6110","Valeur US $","22008","Produit Intérieur Brut","2017","2017","millions","96851","X","Ciffre de sources internationales",""
"MK","Indicateurs macro","531","Curaçao","6110","Valeur US $","22008","Produit Intérieur Brut","2017","2017","millions","3116.629207","X","Ciffre de sources internationales",""
"MK","Indicateurs macro","208","Danemark","6110","Valeur US $","22008","Produit Intérieur Brut","2017","2017","millions","332121.063806","X","Ciffre de sources internationales",""
"MK","Indicateurs macro","262","Djibouti","6110","Valeur US $","22008","Produit Intérieur Brut","2017","2017","millions","2766.868072","X","Ciffre de sources internationales",""
"MK","Indicateurs macro","212","Dominique","6110","Valeur US $","22008","Produit Intérieur Brut","2017","2017","millions","520.7","X","Ciffre de sources internationales",""
"MK","Indicateurs macro","818","Égypte","6110","Valeur US $","22008","Produit Intérieur Brut","2017","2017","millions","195135.299313","X","Ciffre de sources internationales",""
"MK","Indicateurs macro","222","El Salvador","6110","Valeur US $","22008","Produit Intérieur Brut","2017","2017","millions","24979.19","X","Ciffre de sources internationales",""
"MK","Indicateurs macro","784","Émirats arabes unis","6110","Valeur US $","22008","Produit Intérieur Brut","2017","2017","millions","385605.506855","X","Ciffre de sources internationales",""
"MK","Indicateurs macro","218","Équateur","6110","Valeur US $","22008","Produit Intérieur Brut","2017","2017","millions","104295.862","X","Ciffre de sources internationales",""
"MK","Indicateurs macro","232","Érythrée","6110","Valeur US $","22008","Produit Intérieur Brut","2017","2017","millions","1903.966833","X","Ciffre de sources internationales",""
"MK","Indicateurs macro","724","Espagne","6110","Valeur US $","22008","Produit Intérieur Brut","2017","2017","millions","1312539.279462","X","Ciffre de sources internationales",""
"MK","Indicateurs macro","233","Estonie","6110","Valeur US $","22008","Produit Intérieur Brut","2017","2017","millions","26924.385103","X","Ciffre de sources internationales",""
"MK","Indicateurs macro","748","Eswatini","6110","Valeur US $","22008","Produit Intérieur Brut","2017","2017","millions","4401.526105","X","Ciffre de sources internationales",""
"MK","Indicateurs macro","840","États-Unis d'Amérique","6110","Valeur US $","22008","Produit Intérieur Brut","2017","2017","millions","19479623","X","Ciffre de sources internationales",""
"MK","Indicateurs macro","231","Éthiopie","6110","Valeur US $","22008","Produit Intérieur Brut","2017","2017","millions","76794.516911","X","Ciffre de sources internationales",""
"MK","Indicateurs macro","643","Fédération de Russie","6110","Valeur US $","22008","Produit Intérieur Brut","2017","2017","millions","1574199.379405","X","Ciffre de sources internationales",""
"MK","Indicateurs macro","242","Fidji","6110","Valeur US $","22008","Produit Intérieur Brut","2017","2017","millions","5353.491805","X","Ciffre de sources internationales",""
"MK","Indicateurs macro","246","Finlande","6110","Valeur US $","22008","Produit Intérieur Brut","2017","2017","millions","255647.979916","X","Ciffre de sources internationales",""
"MK","Indicateurs macro","250","France","6110","Valeur US $","22008","Produit Intérieur Brut","2017","2017","millions","2595151.045198","X","Ciffre de sources internationales",""
"MK","Indicateurs macro","266","Gabon","6110","Valeur US $","22008","Produit Intérieur Brut","2017","2017","millions","14929.646484","X","Ciffre de sources internationales",""
"MK","Indicateurs macro","270","Gambie","6110","Valeur US $","22008","Produit Intérieur Brut","2017","2017","millions","1504.954083","X","Ciffre de sources internationales",""
"MK","Indicateurs macro","268","Géorgie","6110","Valeur US $","22008","Produit Intérieur Brut","2017","2017","millions","16242.687078","X","Ciffre de sources internationales",""
"MK","Indicateurs macro","288","Ghana","6110","Valeur US $","22008","Produit Intérieur Brut","2017","2017","millions","60403.027568","X","Ciffre de sources internationales",""
"MK","Indicateurs macro","300","Grèce","6110","Valeur US $","22008","Produit Intérieur Brut","2017","2017","millions","199844.41844","X","Ciffre de sources internationales",""
"MK","Indicateurs macro","308","Grenade","6110","Valeur US $","22008","Produit Intérieur Brut","2017","2017","millions","1125.685185","X","Ciffre de sources internationales",""
"MK","Indicateurs macro","304","Groenland","6110","Valeur US $","22008","Produit Intérieur Brut","2017","2017","millions","2851.613478","X","Ciffre de sources internationales",""
"MK","Indicateurs macro","320","Guatemala","6110","Valeur US $","22008","Produit Intérieur Brut","2017","2017","millions","71653.756545","X","Ciffre de sources internationales",""
"MK","Indicateurs macro","324","Guinée","6110","Valeur US $","22008","Produit Intérieur Brut","2017","2017","millions","10324.668257","X","Ciffre de sources internationales",""
"MK","Indicateurs macro","226","Guinée équatoriale","6110","Valeur US $","22008","Produit Intérieur Brut","2017","2017","millions","12200.908721","X","Ciffre de sources internationales",""
"MK","Indicateurs macro","624","Guinée-Bissau","6110","Valeur US $","22008","Produit Intérieur Brut","2017","2017","millions","1350.177012","X","Ciffre de sources internationales",""
"MK","Indicateurs macro","328","Guyana","6110","Valeur US $","22008","Produit Intérieur Brut","2017","2017","millions","4748.174334","X","Ciffre de sources internationales",""
"MK","Indicateurs macro","332","Haïti","6110","Valeur US $","22008","Produit Intérieur Brut","2017","2017","millions","15237.360994","X","Ciffre de sources internationales",""
"MK","Indicateurs macro","340","Honduras","6110","Valeur US $","22008","Produit Intérieur Brut","2017","2017","millions","23136.248046","X","Ciffre de sources internationales",""
"MK","Indicateurs macro","348","Hongrie","6110","Valeur US $","22008","Produit Intérieur Brut","2017","2017","millions","143136.245597","X","Ciffre de sources internationales",""
"MK","Indicateurs macro","136","Îles Caïmanes","6110","Valeur US $","22008","Produit Intérieur Brut","2017","2017","millions","5250.264878","X","Ciffre de sources internationales",""
"MK","Indicateurs macro","184","Îles Cook","6110","Valeur US $","22008","Produit Intérieur Brut","2017","2017","millions","345.608995","X","Ciffre de sources internationales",""
"MK","Indicateurs macro","584","Îles Marshall","6110","Valeur US $","22008","Produit Intérieur Brut","2017","2017","millions","213.06163","X","Ciffre de sources internationales",""
"MK","Indicateurs macro","090","Îles Salomon","6110","Valeur US $","22008","Produit Intérieur Brut","2017","2017","millions","1483.798754","X","Ciffre de sources internationales",""
"MK","Indicateurs macro","796","Îles Turques-et-Caïques","6110","Valeur US $","22008","Produit Intérieur Brut","2017","2017","millions","1022.365","X","Ciffre de sources internationales",""
"MK","Indicateurs macro","092","Îles Vierges britanniques","6110","Valeur US $","22008","Produit Intérieur Brut","2017","2017","millions","1306.77","X","Ciffre de sources internationales",""
"MK","Indicateurs macro","356","Inde","6110","Valeur US $","22008","Produit Intérieur Brut","2017","2017","millions","2624329.038245","X","Ciffre de sources internationales",""
"MK","Indicateurs macro","360","Indonésie","6110","Valeur US $","22008","Produit Intérieur Brut","2017","2017","millions","1015618.74417","X","Ciffre de sources internationales",""
"MK","Indicateurs macro","364","Iran (République islamique d')","6110","Valeur US $","22008","Produit Intérieur Brut","2017","2017","millions","503710.010469","X","Ciffre de sources internationales",""
"MK","Indicateurs macro","368","Iraq","6110","Valeur US $","22008","Produit Intérieur Brut","2017","2017","millions","187217.652027","X","Ciffre de sources internationales",""
"MK","Indicateurs macro","372","Irlande","6110","Valeur US $","22008","Produit Intérieur Brut","2017","2017","millions","335430.830073","X","Ciffre de sources internationales",""
"MK","Indicateurs macro","352","Islande","6110","Valeur US $","22008","Produit Intérieur Brut","2017","2017","millions","24728.285177","X","Ciffre de sources internationales",""
"MK","Indicateurs macro","376","Israël","6110","Valeur US $","22008","Produit Intérieur Brut","2017","2017","millions","355277.44798","X","Ciffre de sources internationales",""
"MK","Indicateurs macro","380","Italie","6110","Valeur US $","22008","Produit Intérieur Brut","2017","2017","millions","1961796.197354","X","Ciffre de sources internationales",""
"MK","Indicateurs macro","388","Jamaïque","6110","Valeur US $","22008","Produit Intérieur Brut","2017","2017","millions","14808.985267","X","Ciffre de sources internationales",""
"MK","Indicateurs macro","392","Japon","6110","Valeur US $","22008","Produit Intérieur Brut","2017","2017","millions","4930837.369151","X","Ciffre de sources internationales",""
"MK","Indicateurs macro","400","Jordanie","6110","Valeur US $","22008","Produit Intérieur Brut","2017","2017","millions","41408.450704","X","Ciffre de sources internationales",""
"MK","Indicateurs macro","398","Kazakhstan","6110","Valeur US $","22008","Produit Intérieur Brut","2017","2017","millions","166805.788967","X","Ciffre de sources internationales",""
"MK","Indicateurs macro","404","Kenya","6110","Valeur US $","22008","Produit Intérieur Brut","2017","2017","millions","82064.798407","X","Ciffre de sources internationales",""
"MK","Indicateurs macro","417","Kirghizistan","6110","Valeur US $","22008","Produit Intérieur Brut","2017","2017","millions","7702.938395","X","Ciffre de sources internationales",""
"MK","Indicateurs macro","296","Kiribati","6110","Valeur US $","22008","Produit Intérieur Brut","2017","2017","millions","188.197759","X","Ciffre de sources internationales",""
"MK","Indicateurs macro","414","Koweït","6110","Valeur US $","22008","Produit Intérieur Brut","2017","2017","millions","120687.750672","X","Ciffre de sources internationales",""
"MK","Indicateurs macro","426","Lesotho","6110","Valeur US $","22008","Produit Intérieur Brut","2017","2017","millions","2304.459267","X","Ciffre de sources internationales",""
"MK","Indicateurs macro","428","Lettonie","6110","Valeur US $","22008","Produit Intérieur Brut","2017","2017","millions","30483.806018","X","Ciffre de sources internationales",""
"MK","Indicateurs macro","422","Liban","6110","Valeur US $","22008","Produit Intérieur Brut","2017","2017","millions","53324.800959","X","Ciffre de sources internationales",""
"MK","Indicateurs macro","430","Libéria","6110","Valeur US $","22008","Produit Intérieur Brut","2017","2017","millions","2763","X","Ciffre de sources internationales",""
"MK","Indicateurs macro","434","Libye","6110","Valeur US $","22008","Produit Intérieur Brut","2017","2017","millions","66121.849984","X","Ciffre de sources internationales",""
"MK","Indicateurs macro","438","Liechtenstein","6110","Valeur US $","22008","Produit Intérieur Brut","2017","2017","millions","6474.31091","X","Ciffre de sources internationales",""
"MK","Indicateurs macro","440","Lituanie","6110","Valeur US $","22008","Produit Intérieur Brut","2017","2017","millions","47758.736932","X","Ciffre de sources internationales",""
"MK","Indicateurs macro","442","Luxembourg","6110","Valeur US $","22008","Produit Intérieur Brut","2017","2017","millions","65712.180343","X","Ciffre de sources internationales",""
"MK","Indicateurs macro","807","Macédoine du Nord","6110","Valeur US $","22008","Produit Intérieur Brut","2017","2017","millions","11307.06119","X","Ciffre de sources internationales",""
"MK","Indicateurs macro","450","Madagascar","6110","Valeur US $","22008","Produit Intérieur Brut","2017","2017","millions","13176.313594","X","Ciffre de sources internationales",""
"MK","Indicateurs macro","458","Malaisie","6110","Valeur US $","22008","Produit Intérieur Brut","2017","2017","millions","319109.103242","X","Ciffre de sources internationales",""
"MK","Indicateurs macro","454","Malawi","6110","Valeur US $","22008","Produit Intérieur Brut","2017","2017","millions","8943.543794","X","Ciffre de sources internationales",""
"MK","Indicateurs macro","462","Maldives","6110","Valeur US $","22008","Produit Intérieur Brut","2017","2017","millions","4754.185598","X","Ciffre de sources internationales",""
"MK","Indicateurs macro","466","Mali","6110","Valeur US $","22008","Produit Intérieur Brut","2017","2017","millions","15365.713059","X","Ciffre de sources internationales",""
"MK","Indicateurs macro","470","Malte","6110","Valeur US $","22008","Produit Intérieur Brut","2017","2017","millions","13510.309062","X","Ciffre de sources internationales",""
"MK","Indicateurs macro","504","Maroc","6110","Valeur US $","22008","Produit Intérieur Brut","2017","2017","millions","109682.751915","X","Ciffre de sources internationales",""
"MK","Indicateurs macro","480","Maurice","6110","Valeur US $","22008","Produit Intérieur Brut","2017","2017","millions","13259.348214","X","Ciffre de sources internationales",""
"MK","Indicateurs macro","478","Mauritanie","6110","Valeur US $","22008","Produit Intérieur Brut","2017","2017","millions","6800.135962","X","Ciffre de sources internationales",""
"MK","Indicateurs macro","484","Mexique","6110","Valeur US $","22008","Produit Intérieur Brut","2017","2017","millions","1158912.015259","X","Ciffre de sources internationales",""
"MK","Indicateurs macro","583","Micronésie (États fédérés de)","6110","Valeur US $","22008","Produit Intérieur Brut","2017","2017","millions","366.666809","X","Ciffre de sources internationales",""
"MK","Indicateurs macro","492","Monaco","6110","Valeur US $","22008","Produit Intérieur Brut","2017","2017","millions","6431.276067","X","Ciffre de sources internationales",""
"MK","Indicateurs macro","496","Mongolie","6110","Valeur US $","22008","Produit Intérieur Brut","2017","2017","millions","11425.755104","X","Ciffre de sources internationales",""
"MK","Indicateurs macro","499","Monténégro","6110","Valeur US $","22008","Produit Intérieur Brut","2017","2017","millions","4856.612346","X","Ciffre de sources internationales",""
"MK","Indicateurs macro","500","Montserrat","6110","Valeur US $","22008","Produit Intérieur Brut","2017","2017","millions","60.1","X","Ciffre de sources internationales",""
"MK","Indicateurs macro","508","Mozambique","6110","Valeur US $","22008","Produit Intérieur Brut","2017","2017","millions","13219.07958","X","Ciffre de sources internationales",""
"MK","Indicateurs macro","104","Myanmar","6110","Valeur US $","22008","Produit Intérieur Brut","2017","2017","millions","68209.182343","X","Ciffre de sources internationales",""
"MK","Indicateurs macro","516","Namibie","6110","Valeur US $","22008","Produit Intérieur Brut","2017","2017","millions","12887.501268","X","Ciffre de sources internationales",""
"MK","Indicateurs macro","520","Nauru","6110","Valeur US $","22008","Produit Intérieur Brut","2017","2017","millions","128.743386","X","Ciffre de sources internationales",""
"MK","Indicateurs macro","524","Népal","6110","Valeur US $","22008","Produit Intérieur Brut","2017","2017","millions","29443.014181","X","Ciffre de sources internationales",""
"MK","Indicateurs macro","558","Nicaragua","6110","Valeur US $","22008","Produit Intérieur Brut","2017","2017","millions","13785.892849","X","Ciffre de sources internationales",""
"MK","Indicateurs macro","562","Niger","6110","Valeur US $","22008","Produit Intérieur Brut","2017","2017","millions","11185.105961","X","Ciffre de sources internationales",""
"MK","Indicateurs macro","566","Nigéria","6110","Valeur US $","22008","Produit Intérieur Brut","2017","2017","millions","375769.719405","X","Ciffre de sources internationales",""
"MK","Indicateurs macro","578","Norvège","6110","Valeur US $","22008","Produit Intérieur Brut","2017","2017","millions","398393.955269","X","Ciffre de sources internationales",""
"MK","Indicateurs macro","540","Nouvelle-Calédonie","6110","Valeur US $","22008","Produit Intérieur Brut","2017","2017","millions","9174.048669","X","Ciffre de sources internationales",""
"MK","Indicateurs macro","554","Nouvelle-Zélande","6110","Valeur US $","22008","Produit Intérieur Brut","2017","2017","millions","206623.7588","X","Ciffre de sources internationales",""
"MK","Indicateurs macro","512","Oman","6110","Valeur US $","22008","Produit Intérieur Brut","2017","2017","millions","70598.026283","X","Ciffre de sources internationales",""
"MK","Indicateurs macro","800","Ouganda","6110","Valeur US $","22008","Produit Intérieur Brut","2017","2017","millions","31578.959827","X","Ciffre de sources internationales",""
"MK","Indicateurs macro","860","Ouzbékistan","6110","Valeur US $","22008","Produit Intérieur Brut","2017","2017","millions","59159.9487","X","Ciffre de sources internationales",""
"MK","Indicateurs macro","586","Pakistan","6110","Valeur US $","22008","Produit Intérieur Brut","2017","2017","millions","302709.723378","X","Ciffre de sources internationales",""
"MK","Indicateurs macro","585","Palaos","6110","Valeur US $","22008","Produit Intérieur Brut","2017","2017","millions","287.564063","X","Ciffre de sources internationales",""
"MK","Indicateurs macro","275","Palestine","6110","Valeur US $","22008","Produit Intérieur Brut","2017","2017","millions","16128","X","Ciffre de sources internationales",""
"MK","Indicateurs macro","591","Panama","6110","Valeur US $","22008","Produit Intérieur Brut","2017","2017","millions","62202.725204","X","Ciffre de sources internationales",""
"MK","Indicateurs macro","598","Papouasie-Nouvelle-Guinée","6110","Valeur US $","22008","Produit Intérieur Brut","2017","2017","millions","22742.696403","X","Ciffre de sources internationales",""
"MK","Indicateurs macro","600","Paraguay","6110","Valeur US $","22008","Produit Intérieur Brut","2017","2017","millions","38997.129809","X","Ciffre de sources internationales",""
"MK","Indicateurs macro","528","Pays-Bas","6110","Valeur US $","22008","Produit Intérieur Brut","2017","2017","millions","833869.641687","X","Ciffre de sources internationales",""
"MK","Indicateurs macro","604","Pérou","6110","Valeur US $","22008","Produit Intérieur Brut","2017","2017","millions","211007.952316","X","Ciffre de sources internationales",""
"MK","Indicateurs macro","608","Philippines","6110","Valeur US $","22008","Produit Intérieur Brut","2017","2017","millions","328480.738148","X","Ciffre de sources internationales",""
"MK","Indicateurs macro","616","Pologne","6110","Valeur US $","22008","Produit Intérieur Brut","2017","2017","millions","526504.233551","X","Ciffre de sources internationales",""
"MK","Indicateurs macro","258","Polynésie française","6110","Valeur US $","22008","Produit Intérieur Brut","2017","2017","millions","5833.352684","X","Ciffre de sources internationales",""
"MK","Indicateurs macro","630","Porto Rico","6110","Valeur US $","22008","Produit Intérieur Brut","2017","2017","millions","103445.526","X","Ciffre de sources internationales",""
"MK","Indicateurs macro","620","Portugal","6110","Valeur US $","22008","Produit Intérieur Brut","2017","2017","millions","221357.874719","X","Ciffre de sources internationales",""
"MK","Indicateurs macro","634","Qatar","6110","Valeur US $","22008","Produit Intérieur Brut","2017","2017","millions","161099.122215","X","Ciffre de sources internationales",""
"MK","Indicateurs macro","760","République arabe syrienne","6110","Valeur US $","22008","Produit Intérieur Brut","2017","2017","millions","16883.861331","X","Ciffre de sources internationales",""
"MK","Indicateurs macro","140","République centrafricaine","6110","Valeur US $","22008","Produit Intérieur Brut","2017","2017","millions","2072.349974","X","Ciffre de sources internationales",""
"MK","Indicateurs macro","410","République de Corée","6110","Valeur US $","22008","Produit Intérieur Brut","2017","2017","millions","1623901.466309","X","Ciffre de sources internationales",""
"MK","Indicateurs macro","498","République de Moldova","6110","Valeur US $","22008","Produit Intérieur Brut","2017","2017","millions","9669.741743","X","Ciffre de sources internationales",""
"MK","Indicateurs macro","180","République démocratique du Congo","6110","Valeur US $","22008","Produit Intérieur Brut","2017","2017","millions","37642.464497","X","Ciffre de sources internationales",""
"MK","Indicateurs macro","418","République démocratique populaire lao","6110","Valeur US $","22008","Produit Intérieur Brut","2017","2017","millions","17071.17271","X","Ciffre de sources internationales",""
"MK","Indicateurs macro","214","République dominicaine","6110","Valeur US $","22008","Produit Intérieur Brut","2017","2017","millions","79998.045976","X","Ciffre de sources internationales",""
"MK","Indicateurs macro","408","République populaire démocratique de Corée","6110","Valeur US $","22008","Produit Intérieur Brut","2017","2017","millions","17364.724931","X","Ciffre de sources internationales",""
"MK","Indicateurs macro","834","République-Unie de Tanzanie","6110","Valeur US $","22008","Produit Intérieur Brut","2017","2017","millions","54723.795208","X","Ciffre de sources internationales",""
"MK","Indicateurs macro","642","Roumanie","6110","Valeur US $","22008","Produit Intérieur Brut","2017","2017","millions","211695.857898","X","Ciffre de sources internationales",""
"MK","Indicateurs macro","826","Royaume-Uni de Grande-Bretagne et d'Irlande du Nord","6110","Valeur US $","22008","Produit Intérieur Brut","2017","2017","millions","2699016.715111","X","Ciffre de sources internationales",""
"MK","Indicateurs macro","646","Rwanda","6110","Valeur US $","22008","Produit Intérieur Brut","2017","2017","millions","9252.814353","X","Ciffre de sources internationales",""
"MK","Indicateurs macro","662","Sainte-Lucie","6110","Valeur US $","22008","Produit Intérieur Brut","2017","2017","millions","1996.77037","X","Ciffre de sources internationales",""
"MK","Indicateurs macro","659","Saint-Kitts-et-Nevis","6110","Valeur US $","22008","Produit Intérieur Brut","2017","2017","millions","996.944444","X","Ciffre de sources internationales",""
"MK","Indicateurs macro","674","Saint-Marin","6110","Valeur US $","22008","Produit Intérieur Brut","2017","2017","millions","1528.621195","X","Ciffre de sources internationales",""
"MK","Indicateurs macro","670","Saint-Vincent-et-les Grenadines","6110","Valeur US $","22008","Produit Intérieur Brut","2017","2017","millions","792.177778","X","Ciffre de sources internationales",""
"MK","Indicateurs macro","882","Samoa","6110","Valeur US $","22008","Produit Intérieur Brut","2017","2017","millions","825.065062","X","Ciffre de sources internationales",""
"MK","Indicateurs macro","678","Sao Tomé-et-Principe","6110","Valeur US $","22008","Produit Intérieur Brut","2017","2017","millions","378.598871","X","Ciffre de sources internationales",""
"MK","Indicateurs macro","686","Sénégal","6110","Valeur US $","22008","Produit Intérieur Brut","2017","2017","millions","20996.569847","X","Ciffre de sources internationales",""
"MK","Indicateurs macro","688","Serbie","6110","Valeur US $","22008","Produit Intérieur Brut","2017","2017","millions","44179.075315","X","Ciffre de sources internationales",""
"MK","Indicateurs macro","690","Seychelles","6110","Valeur US $","22008","Produit Intérieur Brut","2017","2017","millions","1528.270954","X","Ciffre de sources internationales",""
"MK","Indicateurs macro","694","Sierra Leone","6110","Valeur US $","22008","Produit Intérieur Brut","2017","2017","millions","3739.577962","X","Ciffre de sources internationales",""
"MK","Indicateurs macro","702","Singapour","6110","Valeur US $","22008","Produit Intérieur Brut","2017","2017","millions","343331.535022","X","Ciffre de sources internationales",""
"MK","Indicateurs macro","534","Sint Maarten (partie néerlandaise)","6110","Valeur US $","22008","Produit Intérieur Brut","2017","2017","millions","1014","X","Ciffre de sources internationales",""
"MK","Indicateurs macro","703","Slovaquie","6110","Valeur US $","22008","Produit Intérieur Brut","2017","2017","millions","95393.515078","X","Ciffre de sources internationales",""
"MK","Indicateurs macro","705","Slovénie","6110","Valeur US $","22008","Produit Intérieur Brut","2017","2017","millions","48589.100043","X","Ciffre de sources internationales",""
"MK","Indicateurs macro","706","Somalie","6110","Valeur US $","22008","Produit Intérieur Brut","2017","2017","millions","1620.100288","X","Ciffre de sources internationales",""
"MK","Indicateurs macro","729","Soudan","6110","Valeur US $","22008","Produit Intérieur Brut","2017","2017","millions","122072.659961","X","Ciffre de sources internationales",""
"MK","Indicateurs macro","728","Soudan du Sud","6110","Valeur US $","22008","Produit Intérieur Brut","2017","2017","millions","3571.364985","X","Ciffre de sources internationales",""
"MK","Indicateurs macro","144","Sri Lanka","6110","Valeur US $","22008","Produit Intérieur Brut","2017","2017","millions","87428.117558","X","Ciffre de sources internationales",""
"MK","Indicateurs macro","752","Suède","6110","Valeur US $","22008","Produit Intérieur Brut","2017","2017","millions","541018.749769","X","Ciffre de sources internationales",""
"MK","Indicateurs macro","756","Suisse","6110","Valeur US $","22008","Produit Intérieur Brut","2017","2017","millions","704478.516964","X","Ciffre de sources internationales",""
"MK","Indicateurs macro","740","Suriname","6110","Valeur US $","22008","Produit Intérieur Brut","2017","2017","millions","3392.950425","X","Ciffre de sources internationales",""
"MK","Indicateurs macro","762","Tadjikistan","6110","Valeur US $","22008","Produit Intérieur Brut","2017","2017","millions","7536.403147","X","Ciffre de sources internationales",""
"MK","Indicateurs macro","148","Tchad","6110","Valeur US $","22008","Produit Intérieur Brut","2017","2017","millions","10394.020227","X","Ciffre de sources internationales",""
"MK","Indicateurs macro","203","Tchéquie","6110","Valeur US $","22008","Produit Intérieur Brut","2017","2017","millions","218628.940952","X","Ciffre de sources internationales",""
"MK","Indicateurs macro","764","Thaïlande","6110","Valeur US $","22008","Produit Intérieur Brut","2017","2017","millions","456356.812775","X","Ciffre de sources internationales",""
"MK","Indicateurs macro","626","Timor-Leste","6110","Valeur US $","22008","Produit Intérieur Brut","2017","2017","millions","1615.609697","X","Ciffre de sources internationales",""
"MK","Indicateurs macro","768","Togo","6110","Valeur US $","22008","Produit Intérieur Brut","2017","2017","millions","6387.424244","X","Ciffre de sources internationales",""
"MK","Indicateurs macro","776","Tonga","6110","Valeur US $","22008","Produit Intérieur Brut","2017","2017","millions","461.324081","X","Ciffre de sources internationales",""
"MK","Indicateurs macro","780","Trinité-et-Tobago","6110","Valeur US $","22008","Produit Intérieur Brut","2017","2017","millions","23180.107752","X","Ciffre de sources internationales",""
"MK","Indicateurs macro","788","Tunisie","6110","Valeur US $","22008","Produit Intérieur Brut","2017","2017","millions","39802.143071","X","Ciffre de sources internationales",""
"MK","Indicateurs macro","795","Turkménistan","6110","Valeur US $","22008","Produit Intérieur Brut","2017","2017","millions","38877.854701","X","Ciffre de sources internationales",""
"MK","Indicateurs macro","792","Turquie","6110","Valeur US $","22008","Produit Intérieur Brut","2017","2017","millions","858988.5786","X","Ciffre de sources internationales",""
"MK","Indicateurs macro","798","Tuvalu","6110","Valeur US $","22008","Produit Intérieur Brut","2017","2017","millions","45.276606","X","Ciffre de sources internationales",""
"MK","Indicateurs macro","804","Ukraine","6110","Valeur US $","22008","Produit Intérieur Brut","2017","2017","millions","112190.328583","X","Ciffre de sources internationales",""
"MK","Indicateurs macro","858","Uruguay","6110","Valeur US $","22008","Produit Intérieur Brut","2017","2017","millions","64233.966863","X","Ciffre de sources internationales",""
"MK","Indicateurs macro","548","Vanuatu","6110","Valeur US $","22008","Produit Intérieur Brut","2017","2017","millions","880.046992","X","Ciffre de sources internationales",""
"MK","Indicateurs macro","862","Venezuela (République bolivarienne du)","6110","Valeur US $","22008","Produit Intérieur Brut","2017","2017","millions","247930.222859","X","Ciffre de sources internationales",""
"MK","Indicateurs macro","704","Viet Nam","6110","Valeur US $","22008","Produit Intérieur Brut","2017","2017","millions","223779.866149","X","Ciffre de sources internationales",""
"MK","Indicateurs macro","887","Yémen","6110","Valeur US $","22008","Produit Intérieur Brut","2017","2017","millions","20739.380619","X","Ciffre de sources internationales",""
"MK","Indicateurs macro","894","Zambie","6110","Valeur US $","22008","Produit Intérieur Brut","2017","2017","millions","25868.161487","X","Ciffre de sources internationales",""
"MK","Indicateurs macro","716","Zimbabwe","6110","Valeur US $","22008","Produit Intérieur Brut","2017","2017","millions","22040.902301","X","Ciffre de sources internationales",""
"MK","Indicateurs macro","156","Chine, Taiwan Province de","6110","Valeur US $","22008","Produit Intérieur Brut","2017","2017","millions","574900.00","X","Ciffre de sources internationales",""
